{
  "project_info": {
    "project_number": "15085014046",
    "project_id": "fitnesstrack-fc987",
    "storage_bucket": "fitnesstrack-fc987.firebasestorage.app"
  },
  "client": [
    {
      "client_info": {
        "mobilesdk_app_id": "1:15085014046:android:4f08f0cff839645405320f",
        "android_client_info": {
          "package_name": "com.example.fitnesstrack"
        }
      },
      "oauth_client": [],
      "api_key": [
        {
          "current_key": "AIzaSyDd5x80dgk-dUxTbNm1N2ZCRZjptzOg1SA"
        }
      ],
      "services": {
        "appinvite_service": {
          "other_platform_oauth_client": []
        }
      }
    }
  ],
  "configuration_version": "1"
}